latitude,longitude,elevation,utc_offset_seconds,timezone,timezone_abbreviation
11.493849,76.11062,1627.0,0,GMT,GMT

time,rain (mm),showers (mm),snowfall (cm),soil_moisture_0_to_1cm (m³/m³),soil_moisture_1_to_3cm (m³/m³)
2024-07-20T00:00,0.90,0.50,0.00,0.334,0.336
2024-07-20T01:00,0.50,0.60,0.00,0.338,0.338
2024-07-20T02:00,0.70,0.70,0.00,0.340,0.340
2024-07-20T03:00,0.90,0.70,0.00,0.342,0.341
2024-07-20T04:00,2.50,0.70,0.00,0.340,0.341
2024-07-20T05:00,0.20,0.50,0.00,0.336,0.337
2024-07-20T06:00,0.80,0.60,0.00,0.335,0.337
2024-07-20T07:00,0.70,0.40,0.00,0.335,0.333
2024-07-20T08:00,1.60,0.80,0.00,0.343,0.339
2024-07-20T09:00,0.60,0.50,0.00,0.335,0.335
2024-07-20T10:00,0.70,0.80,0.00,0.336,0.339
2024-07-20T11:00,0.40,0.40,0.00,0.333,0.334
2024-07-20T12:00,1.10,0.40,0.00,0.329,0.332
2024-07-20T13:00,0.50,0.20,0.00,0.326,0.329
2024-07-20T14:00,0.60,0.00,0.00,0.322,0.325
2024-07-20T15:00,0.20,0.00,0.00,0.318,0.321
2024-07-20T16:00,0.10,0.00,0.00,0.317,0.320
2024-07-20T17:00,0.10,0.00,0.00,0.315,0.318
2024-07-20T18:00,0.40,0.00,0.00,0.318,0.318
2024-07-20T19:00,0.30,0.10,0.00,0.315,0.318
2024-07-20T20:00,0.70,0.20,0.00,0.319,0.319
2024-07-20T21:00,1.00,0.10,0.00,0.317,0.319
2024-07-20T22:00,1.40,0.20,0.00,0.320,0.319
2024-07-20T23:00,0.20,0.10,0.00,0.316,0.319
2024-07-21T00:00,0.30,0.00,0.00,0.312,0.315
2024-07-21T01:00,0.70,0.00,0.00,0.310,0.313
2024-07-21T02:00,0.50,0.00,0.00,0.309,0.311
2024-07-21T03:00,0.80,0.30,0.00,0.320,0.316
2024-07-21T04:00,0.40,0.80,0.00,0.329,0.327
2024-07-21T05:00,1.10,0.60,0.00,0.330,0.326
2024-07-21T06:00,0.90,0.40,0.00,0.332,0.331
2024-07-21T07:00,1.00,0.40,0.00,0.325,0.327
2024-07-21T08:00,1.30,0.40,0.00,0.324,0.326
2024-07-21T09:00,1.70,0.40,0.00,0.325,0.324
2024-07-21T10:00,2.10,0.30,0.00,0.322,0.323
2024-07-21T11:00,1.30,0.10,0.00,0.315,0.319
2024-07-21T12:00,1.40,0.20,0.00,0.321,0.322
2024-07-21T13:00,0.10,0.20,0.00,0.318,0.321
2024-07-21T14:00,0.00,0.00,0.00,0.314,0.317
2024-07-21T15:00,0.10,0.00,0.00,0.312,0.315
2024-07-21T16:00,0.10,0.30,0.00,0.323,0.320
2024-07-21T17:00,0.00,0.60,0.00,0.329,0.326
2024-07-21T18:00,0.00,0.70,0.00,0.311,0.314
2024-07-21T19:00,0.00,0.00,0.00,0.309,0.312
2024-07-21T20:00,0.00,0.00,0.00,0.309,0.310
2024-07-21T21:00,0.00,0.00,0.00,0.307,0.309
2024-07-21T22:00,0.00,0.00,0.00,0.306,0.308
2024-07-21T23:00,0.00,0.00,0.00,0.305,0.307
2024-07-22T00:00,0.00,0.00,0.00,0.306,0.308
2024-07-22T01:00,0.00,0.00,0.00,0.305,0.307
2024-07-22T02:00,0.00,0.00,0.00,0.304,0.306
2024-07-22T03:00,0.10,0.00,0.00,0.302,0.305
2024-07-22T04:00,0.30,0.20,0.00,0.308,0.307
2024-07-22T05:00,1.20,0.20,0.00,0.308,0.309
2024-07-22T06:00,0.40,0.10,0.00,0.300,0.303
2024-07-22T07:00,0.90,0.00,0.00,0.297,0.301
2024-07-22T08:00,1.00,0.20,0.00,0.301,0.302
2024-07-22T09:00,0.40,0.10,0.00,0.302,0.300
2024-07-22T10:00,0.40,0.50,0.00,0.307,0.307
2024-07-22T11:00,0.20,0.10,0.00,0.302,0.305
2024-07-22T12:00,0.30,0.10,0.00,0.295,0.297
2024-07-22T13:00,0.20,0.00,0.00,0.295,0.297
2024-07-22T14:00,0.20,0.00,0.00,0.295,0.297
2024-07-22T15:00,0.00,0.00,0.00,0.295,0.297
2024-07-22T16:00,0.00,0.00,0.00,0.295,0.297
2024-07-22T17:00,0.00,0.00,0.00,0.296,0.297
2024-07-22T18:00,0.10,0.30,0.00,0.295,0.296
2024-07-22T19:00,0.70,0.00,0.00,0.295,0.296
2024-07-22T20:00,0.40,0.10,0.00,0.298,0.299
2024-07-22T21:00,0.30,0.30,0.00,0.309,0.305
2024-07-22T22:00,0.30,0.10,0.00,0.306,0.304
2024-07-22T23:00,0.20,0.40,0.00,0.315,0.311
2024-07-23T00:00,0.20,0.10,0.00,0.311,0.312
2024-07-23T01:00,0.40,0.30,0.00,0.317,0.314
2024-07-23T02:00,0.80,0.50,0.00,0.321,0.319
2024-07-23T03:00,1.00,0.30,0.00,0.318,0.319
2024-07-23T04:00,0.20,0.60,0.00,0.328,0.324
2024-07-23T05:00,0.50,0.60,0.00,0.326,0.326
2024-07-23T06:00,0.40,0.40,0.00,0.313,0.315
2024-07-23T07:00,1.00,0.10,0.00,0.310,0.313
2024-07-23T08:00,1.40,0.10,0.00,0.308,0.310
2024-07-23T09:00,0.90,0.10,0.00,0.310,0.309
2024-07-23T10:00,0.40,0.30,0.00,0.311,0.312
2024-07-23T11:00,0.90,0.30,0.00,0.315,0.313
2024-07-23T12:00,0.70,0.50,0.00,0.312,0.311
2024-07-23T13:00,0.30,0.80,0.00,0.327,0.323
2024-07-23T14:00,0.80,0.70,0.00,0.327,0.327
2024-07-23T15:00,1.00,0.30,0.00,0.320,0.323
2024-07-23T16:00,0.20,0.00,0.00,0.315,0.317
2024-07-23T17:00,0.10,0.60,0.00,0.326,0.325
2024-07-23T18:00,0.80,0.50,0.00,0.324,0.324
2024-07-23T19:00,0.20,0.40,0.00,0.328,0.326
2024-07-23T20:00,0.10,0.30,0.00,0.325,0.324
2024-07-23T21:00,0.30,0.40,0.00,0.327,0.327
2024-07-23T22:00,1.00,0.30,0.00,0.325,0.325
2024-07-23T23:00,0.80,0.60,0.00,0.331,0.330
2024-07-24T00:00,0.10,0.60,0.00,0.332,0.332
2024-07-24T01:00,0.10,0.50,0.00,0.333,0.333
2024-07-24T02:00,0.10,0.50,0.00,0.332,0.333
2024-07-24T03:00,1.30,0.30,0.00,0.328,0.330
2024-07-24T04:00,0.40,0.60,0.00,0.336,0.334
2024-07-24T05:00,1.20,0.90,0.00,0.340,0.339
2024-07-24T06:00,0.10,0.40,0.00,0.331,0.333
2024-07-24T07:00,1.70,0.40,0.00,0.329,0.330
2024-07-24T08:00,1.70,1.40,0.00,0.342,0.345
2024-07-24T09:00,0.40,0.40,0.00,0.334,0.336
2024-07-24T10:00,1.00,0.90,0.00,0.340,0.340
2024-07-24T11:00,1.20,0.80,0.00,0.340,0.341
2024-07-24T12:00,0.70,0.80,0.00,0.350,0.348
2024-07-24T13:00,0.30,1.50,0.00,0.353,0.353
2024-07-24T14:00,0.10,1.40,0.00,0.353,0.354
2024-07-24T15:00,0.20,1.00,0.00,0.348,0.349
2024-07-24T16:00,0.10,0.50,0.00,0.340,0.342
2024-07-24T17:00,0.20,0.50,0.00,0.339,0.340
2024-07-24T18:00,0.10,0.60,0.00,0.343,0.342
2024-07-24T19:00,1.50,0.80,0.00,0.343,0.343
2024-07-24T20:00,1.70,1.20,0.00,0.351,0.349
2024-07-24T21:00,3.00,1.30,0.00,0.353,0.353
2024-07-24T22:00,0.80,1.20,0.00,0.351,0.353
2024-07-24T23:00,0.80,0.70,0.00,0.346,0.348
2024-07-25T00:00,3.90,0.60,0.00,0.349,0.352
2024-07-25T01:00,1.60,1.00,0.00,0.349,0.351
2024-07-25T02:00,0.30,0.60,0.00,0.341,0.345
2024-07-25T03:00,1.10,0.70,0.00,0.345,0.346
2024-07-25T04:00,0.80,0.90,0.00,0.348,0.348
2024-07-25T05:00,2.10,1.10,0.00,0.350,0.350
2024-07-25T06:00,2.50,1.30,0.00,0.356,0.355
2024-07-25T07:00,3.30,1.50,0.00,0.358,0.357
2024-07-25T08:00,1.70,1.60,0.00,0.355,0.357
2024-07-25T09:00,3.00,1.30,0.00,0.360,0.357
2024-07-25T10:00,3.40,1.30,0.00,0.349,0.351
2024-07-25T11:00,3.60,0.70,0.00,0.345,0.348
2024-07-25T12:00,3.80,0.40,0.00,0.347,0.349
2024-07-25T13:00,1.50,0.50,0.00,0.342,0.343
2024-07-25T14:00,0.60,0.60,0.00,0.341,0.342
2024-07-25T15:00,1.20,0.50,0.00,0.340,0.341
2024-07-25T16:00,1.70,0.50,0.00,0.336,0.339
2024-07-25T17:00,1.40,0.40,0.00,0.334,0.336
2024-07-25T18:00,1.40,0.40,0.00,0.331,0.333
2024-07-25T19:00,2.00,0.40,0.00,0.333,0.335
2024-07-25T20:00,0.90,0.20,0.00,0.329,0.332
2024-07-25T21:00,1.80,0.20,0.00,0.328,0.330
2024-07-25T22:00,1.20,0.40,0.00,0.333,0.332
2024-07-25T23:00,1.70,0.40,0.00,0.333,0.334
2024-07-26T00:00,1.10,0.50,0.00,0.341,0.339
2024-07-26T01:00,1.30,0.90,0.00,0.344,0.343
2024-07-26T02:00,0.80,1.10,0.00,0.349,0.348
2024-07-26T03:00,0.90,1.10,0.00,0.349,0.349
2024-07-26T04:00,1.20,1.20,0.00,0.352,0.352
2024-07-26T05:00,0.50,1.10,0.00,0.350,0.350
2024-07-26T06:00,2.40,1.40,0.00,0.358,0.358
2024-07-26T07:00,2.20,0.90,0.00,0.348,0.351
2024-07-26T08:00,3.20,1.10,0.00,0.349,0.347
2024-07-26T09:00,2.10,1.50,0.00,0.354,0.353
2024-07-26T10:00,1.90,1.50,0.00,0.356,0.356
2024-07-26T11:00,1.80,1.30,0.00,0.353,0.354
2024-07-26T12:00,0.60,1.20,0.00,0.359,0.358
2024-07-26T13:00,1.00,1.60,0.00,0.357,0.358
2024-07-26T14:00,0.80,1.10,0.00,0.351,0.353
2024-07-26T15:00,1.20,0.60,0.00,0.345,0.346
2024-07-26T16:00,0.80,0.50,0.00,0.342,0.343
2024-07-26T17:00,0.40,0.50,0.00,0.340,0.341
2024-07-26T18:00,0.70,0.70,0.00,0.344,0.344
2024-07-26T19:00,0.50,1.30,0.00,0.353,0.352
2024-07-26T20:00,0.90,1.20,0.00,0.349,0.351
2024-07-26T21:00,0.70,0.70,0.00,0.345,0.346
2024-07-26T22:00,0.30,0.40,0.00,0.339,0.342
2024-07-26T23:00,0.30,0.30,0.00,0.336,0.338
2024-07-27T00:00,0.10,0.30,0.00,0.331,0.334
2024-07-27T01:00,0.10,0.40,0.00,0.334,0.335
2024-07-27T02:00,0.10,0.20,0.00,0.327,0.331
2024-07-27T03:00,0.10,0.10,0.00,0.323,0.327
2024-07-27T04:00,0.30,0.00,0.00,0.319,0.322
2024-07-27T05:00,0.20,0.10,0.00,0.317,0.320
2024-07-27T06:00,0.50,0.10,0.00,0.315,0.318
2024-07-27T07:00,1.50,0.00,0.00,0.311,0.315
2024-07-27T08:00,0.40,0.10,0.00,0.307,0.312
2024-07-27T09:00,0.40,0.00,0.00,0.303,0.308
2024-07-27T10:00,2.00,0.00,0.00,0.300,0.305
2024-07-27T11:00,0.20,0.00,0.00,0.299,0.303
2024-07-27T12:00,0.10,0.10,0.00,0.298,0.302
2024-07-27T13:00,0.00,0.00,0.00,0.298,0.302
2024-07-27T14:00,0.00,0.00,0.00,0.299,0.302
2024-07-27T15:00,0.00,0.00,0.00,0.299,0.302
2024-07-27T16:00,0.00,0.00,0.00,0.299,0.302
2024-07-27T17:00,0.00,0.00,0.00,0.299,0.302
2024-07-27T18:00,0.00,0.00,0.00,0.299,0.301
2024-07-27T19:00,0.10,0.00,0.00,0.298,0.301
2024-07-27T20:00,0.00,0.00,0.00,0.298,0.301
2024-07-27T21:00,0.10,0.00,0.00,0.298,0.300
2024-07-27T22:00,0.20,0.00,0.00,0.298,0.300
2024-07-27T23:00,0.00,0.00,0.00,0.298,0.300
2024-07-28T00:00,0.00,0.00,0.00,0.299,0.302
2024-07-28T01:00,0.00,0.00,0.00,0.299,0.301
2024-07-28T02:00,0.00,0.00,0.00,0.298,0.301
2024-07-28T03:00,0.10,0.00,0.00,0.297,0.300
2024-07-28T04:00,0.40,0.00,0.00,0.296,0.298
2024-07-28T05:00,0.60,0.00,0.00,0.293,0.297
2024-07-28T06:00,0.30,0.00,0.00,0.290,0.294
2024-07-28T07:00,1.40,0.00,0.00,0.289,0.292
2024-07-28T08:00,1.80,0.00,0.00,0.287,0.291
2024-07-28T09:00,2.00,0.20,0.00,0.293,0.293
2024-07-28T10:00,1.00,0.50,0.00,0.305,0.302
2024-07-28T11:00,0.80,0.60,0.00,0.315,0.309
2024-07-28T12:00,0.90,1.00,0.00,0.331,0.327
2024-07-28T13:00,0.50,1.00,0.00,0.335,0.333
2024-07-28T14:00,0.10,0.80,0.00,0.336,0.335
2024-07-28T15:00,1.30,0.70,0.00,0.338,0.336
2024-07-28T16:00,0.50,0.70,0.00,0.338,0.337
2024-07-28T17:00,0.10,0.60,0.00,0.335,0.335
2024-07-28T18:00,0.20,0.70,0.00,0.359,0.357
2024-07-28T19:00,0.30,1.70,0.00,0.358,0.358
2024-07-28T20:00,0.60,1.70,0.00,0.361,0.360
2024-07-28T21:00,0.30,1.50,0.00,0.358,0.358
2024-07-28T22:00,0.60,1.30,0.00,0.355,0.356
2024-07-28T23:00,0.70,1.20,0.00,0.354,0.355
2024-07-29T00:00,0.40,1.00,0.00,0.356,0.357
2024-07-29T01:00,0.80,1.30,0.00,0.356,0.356
2024-07-29T02:00,0.80,1.10,0.00,0.352,0.353
2024-07-29T03:00,0.50,1.20,0.00,0.354,0.355
2024-07-29T04:00,1.40,0.90,0.00,0.356,0.355
2024-07-29T05:00,1.40,1.20,0.00,0.360,0.360
2024-07-29T06:00,1.60,1.10,0.00,0.372,0.372
2024-07-29T07:00,1.90,2.90,0.00,0.369,0.372
2024-07-29T08:00,1.60,1.70,0.00,0.361,0.363
2024-07-29T09:00,4.20,1.80,0.00,0.364,0.364
2024-07-29T10:00,2.00,2.80,0.00,0.370,0.371
2024-07-29T11:00,3.70,2.40,0.00,0.368,0.368
2024-07-29T12:00,2.60,2.30,0.00,0.385,0.385
2024-07-29T13:00,9.60,4.40,0.00,0.383,0.382
2024-07-29T14:00,6.40,5.10,0.00,0.383,0.384
2024-07-29T15:00,1.90,4.00,0.00,0.377,0.379
2024-07-29T16:00,1.80,3.80,0.00,0.378,0.379
2024-07-29T17:00,2.50,3.70,0.00,0.377,0.378
2024-07-29T18:00,1.70,2.90,0.00,0.377,0.378
2024-07-29T19:00,1.90,2.50,0.00,0.373,0.375
2024-07-29T20:00,1.30,1.90,0.00,0.372,0.373
2024-07-29T21:00,2.00,1.40,0.00,0.369,0.370
2024-07-29T22:00,3.10,1.80,0.00,0.370,0.371
2024-07-29T23:00,2.40,1.20,0.00,0.360,0.362
2024-07-30T00:00,2.00,0.70,0.00,0.383,0.384
2024-07-30T01:00,3.50,2.30,0.00,0.382,0.383
2024-07-30T02:00,4.30,2.20,0.00,0.379,0.380
2024-07-30T03:00,7.10,0.90,0.00,0.375,0.376
2024-07-30T04:00,5.80,0.30,0.00,0.362,0.364
2024-07-30T05:00,4.50,0.40,0.00,0.359,0.360
2024-07-30T06:00,4.40,0.20,0.00,0.382,0.383
2024-07-30T07:00,3.60,0.40,0.00,0.366,0.368
2024-07-30T08:00,2.80,0.00,0.00,0.354,0.357
2024-07-30T09:00,2.60,0.00,0.00,0.347,0.350
2024-07-30T10:00,1.70,0.00,0.00,0.344,0.346
2024-07-30T11:00,1.00,0.00,0.00,0.341,0.343
2024-07-30T12:00,0.90,0.00,0.00,0.336,0.338
2024-07-30T13:00,0.80,0.00,0.00,0.334,0.336
2024-07-30T14:00,1.30,0.00,0.00,0.334,0.336
2024-07-30T15:00,0.60,0.00,0.00,0.336,0.336
2024-07-30T16:00,0.60,0.10,0.00,0.335,0.336
2024-07-30T17:00,2.00,0.00,0.00,0.330,0.333
2024-07-30T18:00,1.40,0.00,0.00,0.327,0.329
2024-07-30T19:00,2.40,0.00,0.00,0.324,0.327
2024-07-30T20:00,0.90,0.00,0.00,0.321,0.324
2024-07-30T21:00,0.50,0.00,0.00,0.318,0.321
2024-07-30T22:00,0.90,0.00,0.00,0.316,0.319
2024-07-30T23:00,0.60,0.00,0.00,0.317,0.318
2024-07-31T00:00,0.60,0.10,0.00,0.316,0.318
2024-07-31T01:00,0.40,0.10,0.00,0.318,0.319
2024-07-31T02:00,0.40,0.20,0.00,0.317,0.320
2024-07-31T03:00,0.20,0.10,0.00,0.319,0.319
2024-07-31T04:00,0.50,0.60,0.00,0.330,0.327
2024-07-31T05:00,0.80,1.30,0.00,0.347,0.343
2024-07-31T06:00,0.90,1.50,0.00,0.357,0.354
2024-07-31T07:00,5.60,1.90,0.00,0.362,0.359
2024-07-31T08:00,2.80,2.40,0.00,0.367,0.365
2024-07-31T09:00,5.20,2.30,0.00,0.365,0.366
2024-07-31T10:00,6.60,1.30,0.00,0.352,0.355
2024-07-31T11:00,18.40,0.70,0.00,0.352,0.352
2024-07-31T12:00,12.00,0.80,0.00,0.366,0.363
2024-07-31T13:00,1.20,1.30,0.00,0.356,0.358
2024-07-31T14:00,0.50,0.50,0.00,0.343,0.347
2024-07-31T15:00,0.50,0.00,0.00,0.333,0.337
2024-07-31T16:00,0.60,0.00,0.00,0.329,0.332
2024-07-31T17:00,0.70,0.00,0.00,0.326,0.329
2024-07-31T18:00,0.20,0.00,0.00,0.323,0.326
2024-07-31T19:00,0.10,0.00,0.00,0.321,0.324
2024-07-31T20:00,0.20,0.00,0.00,0.319,0.322
2024-07-31T21:00,0.50,0.00,0.00,0.317,0.320
2024-07-31T22:00,0.50,0.00,0.00,0.315,0.318
2024-07-31T23:00,0.30,0.00,0.00,0.314,0.317
2024-08-01T00:00,0.10,0.00,0.00,0.310,0.312
2024-08-01T01:00,0.20,0.00,0.00,0.309,0.312
2024-08-01T02:00,0.30,0.20,0.00,0.316,0.315
2024-08-01T03:00,0.50,0.20,0.00,0.317,0.316
2024-08-01T04:00,1.70,0.50,0.00,0.325,0.324
2024-08-01T05:00,1.60,0.70,0.00,0.333,0.331
2024-08-01T06:00,2.10,0.90,0.00,0.347,0.342
2024-08-01T07:00,0.70,1.60,0.00,0.355,0.351
2024-08-01T08:00,2.30,1.90,0.00,0.362,0.360
2024-08-01T09:00,1.10,1.80,0.00,0.357,0.361
2024-08-01T10:00,0.80,1.50,0.00,0.355,0.356
2024-08-01T11:00,0.80,1.00,0.00,0.350,0.352
2024-08-01T12:00,0.80,0.80,0.00,0.353,0.356
2024-08-01T13:00,0.90,1.10,0.00,0.354,0.354
2024-08-01T14:00,3.20,1.10,0.00,0.350,0.351
2024-08-01T15:00,1.60,0.80,0.00,0.347,0.348
2024-08-01T16:00,0.70,0.90,0.00,0.350,0.350
2024-08-01T17:00,0.40,0.50,0.00,0.338,0.343
2024-08-01T18:00,0.30,0.00,0.00,0.336,0.340
2024-08-01T19:00,0.40,0.00,0.00,0.331,0.334
2024-08-01T20:00,0.30,0.00,0.00,0.327,0.330
2024-08-01T21:00,0.30,0.00,0.00,0.324,0.327
2024-08-01T22:00,0.30,0.00,0.00,0.321,0.324
2024-08-01T23:00,0.20,0.00,0.00,0.319,0.322
2024-08-02T00:00,0.20,0.00,0.00,0.322,0.325
2024-08-02T01:00,0.40,0.00,0.00,0.322,0.323
2024-08-02T02:00,0.40,0.40,0.00,0.330,0.329
2024-08-02T03:00,0.70,0.70,0.00,0.336,0.335
2024-08-02T04:00,0.10,0.70,0.00,0.337,0.337
2024-08-02T05:00,0.00,0.90,0.00,0.344,0.342
2024-08-02T06:00,0.50,1.40,0.00,0.348,0.346
2024-08-02T07:00,1.70,1.30,0.00,0.355,0.352
2024-08-02T08:00,0.50,1.60,0.00,0.359,0.358
2024-08-02T09:00,0.40,1.50,0.00,0.357,0.356
2024-08-02T10:00,0.60,1.50,0.00,0.355,0.355
2024-08-02T11:00,0.70,0.60,0.00,0.343,0.346
2024-08-02T12:00,0.70,0.90,0.00,0.347,0.350
2024-08-02T13:00,0.10,0.30,0.00,0.338,0.342
2024-08-02T14:00,0.00,0.00,0.00,0.330,0.334
2024-08-02T15:00,0.00,0.00,0.00,0.325,0.329
2024-08-02T16:00,0.00,0.00,0.00,0.322,0.326
2024-08-02T17:00,0.00,0.00,0.00,0.320,0.323
2024-08-02T18:00,0.00,0.00,0.00,0.318,0.321
2024-08-02T19:00,0.00,0.00,0.00,0.316,0.319
2024-08-02T20:00,0.00,0.00,0.00,0.315,0.318
2024-08-02T21:00,0.00,0.00,0.00,0.314,0.317
2024-08-02T22:00,0.00,0.00,0.00,0.313,0.315
2024-08-02T23:00,0.10,0.00,0.00,0.312,0.314
2024-08-03T00:00,0.10,0.00,0.00,0.311,0.313
2024-08-03T01:00,0.00,0.00,0.00,0.309,0.312
2024-08-03T02:00,0.10,0.00,0.00,0.309,0.311
2024-08-03T03:00,0.10,0.00,0.00,0.308,0.310
2024-08-03T04:00,0.40,0.20,0.00,0.310,0.312
2024-08-03T05:00,0.40,0.20,0.00,0.314,0.312
2024-08-03T06:00,0.60,1.10,0.00,0.334,0.330
2024-08-03T07:00,2.30,0.90,0.00,0.338,0.332
2024-08-03T08:00,1.30,0.40,0.00,0.325,0.328
2024-08-03T09:00,0.20,0.10,0.00,0.320,0.321
2024-08-03T10:00,0.10,0.80,0.00,0.331,0.331
2024-08-03T11:00,1.00,2.10,0.00,0.358,0.354
2024-08-03T12:00,0.30,1.60,0.00,0.345,0.347
2024-08-03T13:00,0.10,0.80,0.00,0.341,0.343
2024-08-03T14:00,0.00,0.20,0.00,0.331,0.334
2024-08-03T15:00,0.20,0.00,0.00,0.325,0.328
2024-08-03T16:00,3.00,0.00,0.00,0.321,0.324
2024-08-03T17:00,2.70,0.00,0.00,0.318,0.321
2024-08-03T18:00,1.50,0.00,0.00,0.316,0.319
2024-08-03T19:00,0.40,0.00,0.00,0.315,0.317
2024-08-03T20:00,0.10,0.00,0.00,0.313,0.316
2024-08-03T21:00,0.10,0.00,0.00,0.312,0.314
2024-08-03T22:00,0.70,0.00,0.00,0.311,0.313
2024-08-03T23:00,0.20,0.00,0.00,0.310,0.312
2024-08-04T00:00,0.10,0.00,0.00,0.306,0.309
2024-08-04T01:00,0.60,0.00,0.00,0.306,0.308
2024-08-04T02:00,0.30,0.00,0.00,0.305,0.308
2024-08-04T03:00,0.20,0.00,0.00,0.303,0.306
2024-08-04T04:00,0.10,0.00,0.00,0.300,0.304
2024-08-04T05:00,0.10,0.00,0.00,0.297,0.301
2024-08-04T06:00,0.00,0.00,0.00,0.295,0.299
2024-08-04T07:00,0.10,0.10,0.00,0.295,0.298
2024-08-04T08:00,0.20,0.00,0.00,0.289,0.295
2024-08-04T09:00,1.00,0.00,0.00,0.288,0.292
2024-08-04T10:00,0.90,0.00,0.00,0.287,0.291
2024-08-04T11:00,0.70,0.00,0.00,0.287,0.291
2024-08-04T12:00,0.10,0.00,0.00,0.289,0.292
2024-08-04T13:00,0.10,0.00,0.00,0.290,0.292
2024-08-04T14:00,0.00,0.00,0.00,0.290,0.293
2024-08-04T15:00,0.10,0.00,0.00,0.291,0.293
2024-08-04T16:00,0.00,0.00,0.00,0.291,0.293
2024-08-04T17:00,0.00,0.00,0.00,0.292,0.294
2024-08-04T18:00,0.00,0.00,0.00,0.292,0.294
2024-08-04T19:00,0.00,0.00,0.00,0.292,0.294
2024-08-04T20:00,0.10,0.00,0.00,0.292,0.294
2024-08-04T21:00,0.00,0.00,0.00,0.293,0.294
2024-08-04T22:00,0.00,0.00,0.00,0.293,0.294
2024-08-04T23:00,0.50,0.00,0.00,0.293,0.294
2024-08-05T00:00,0.20,0.00,0.00,0.291,0.292
2024-08-05T01:00,0.00,0.00,0.00,0.291,0.292
2024-08-05T02:00,0.00,0.00,0.00,0.291,0.292
2024-08-05T03:00,0.00,0.00,0.00,0.290,0.292
2024-08-05T04:00,0.10,0.00,0.00,0.288,0.291
2024-08-05T05:00,0.10,0.00,0.00,0.285,0.289
2024-08-05T06:00,0.20,0.00,0.00,0.281,0.285
2024-08-05T07:00,10.20,0.00,0.00,0.280,0.284
2024-08-05T08:00,1.30,0.10,0.00,0.281,0.285
2024-08-05T09:00,0.70,0.40,0.00,0.293,0.292
2024-08-05T10:00,0.60,1.30,0.00,0.318,0.317
2024-08-05T11:00,0.50,1.30,0.00,0.339,0.330
2024-08-05T12:00,0.10,1.10,0.00,0.359,0.353
2024-08-05T13:00,1.00,1.90,0.00,0.357,0.357
2024-08-05T14:00,0.60,0.90,0.00,0.345,0.348
2024-08-05T15:00,0.10,0.20,0.00,0.333,0.337
2024-08-05T16:00,0.60,0.00,0.00,0.327,0.330
2024-08-05T17:00,1.50,0.40,0.00,0.331,0.332
2024-08-05T18:00,0.60,0.00,0.00,0.328,0.331
2024-08-05T19:00,0.10,0.00,0.00,0.322,0.326
2024-08-05T20:00,0.40,0.00,0.00,0.319,0.322
2024-08-05T21:00,0.90,0.00,0.00,0.317,0.320
2024-08-05T22:00,1.60,0.00,0.00,0.315,0.318
2024-08-05T23:00,0.10,0.00,0.00,0.316,0.317
